crop,wavg_price,wavg_price_y1,wavg_price_y2,price_cv_y1,price_cv_y2,total_volume,trade_days,is_blanched,avg_daily_volume,availability,price_spread_ratio
LA1 甘藍 初秋,16.65083395376401,20.47332422628382,12.855573285557492,0.5619929567778053,0.8218107877404558,110918919,595,False,186418.3512605042,1.0,0.7006759921343118
LA2 甘藍 改良種,22.727304165069665,25.80381301316229,20.095240217786312,0.4204838429203462,0.6188498812466913,52760174,557,False,94722.03590664273,0.9361344537815126,0.5435342507601912
SA3 蘿蔔 矸仔,10.74158788031492,11.264232506456606,10.245298991664452,0.6021306561168935,0.5366764597932331,41799964,595,False,70252.04033613445,1.0,0.7516990472988987
LC1 包心白 包白,14.016745625082619,15.505781377932967,12.522912308454009,0.5500261530252983,0.5223887758740159,36159540,595,False,60772.336134453784,1.0,0.8536291425249797
FJ3 番茄 牛番茄,52.7340033149457,61.57308001005502,45.35984371379491,0.44129686829379133,0.5774710593286523,30017988,595,False,50450.4,1.0,1.1076905928531038
FD1 花胡瓜,48.14124335285188,48.4586123906889,47.83217614908464,0.4111631378044295,0.5273764342872699,27955974,595,False,46984.83025210084,1.0,0.8316913062486214
SB2 胡蘿蔔 清洗,16.146469339765833,15.90073338952162,16.389958412325804,0.277991766718264,0.2876395143052667,26864423,595,False,45150.29075630252,1.0,0.8943093109259515
LA7 甘藍 改良尖,12.626465934289367,15.690474024113056,9.481829287238046,0.6717585945839916,0.6350018654144921,26165020,498,False,52540.20080321285,0.8369747899159664,0.4923529115966898
FF1 絲瓜,30.478401740237647,31.829568559244688,29.15758207696211,0.4670714960749737,0.4345898279958466,24118545,595,False,40535.36974789916,1.0,0.891209299903326
LB2 小白菜 蚵仔白,23.071519211694365,25.659672965730923,20.77769104392736,0.7478994840428691,0.8309922409137827,19905376,595,False,33454.41344537815,1.0,0.9208306012324705
LI5 萵苣菜 油麥菜,22.917207388790324,23.098914137365853,22.72310180417327,0.789033835708655,0.7288395673412472,19359759,595,False,32537.410084033614,1.0,0.9768907241837355
SA9 蘿蔔 進口,19.104515558528266,22.03314307459346,16.04985456158256,0.39731021935860994,0.31638906772770903,18586848,594,False,31290.989898989897,0.9983193277310924,0.39861183211001827
FY6 玉米 甜軟殼,23.235867529805624,25.34625974047919,21.54762323451062,0.5293544846912103,0.5442279286587411,18109251,595,False,30435.715966386553,1.0,1.0916278911655026
LO1 甘薯葉,30.917899910058026,34.43689989328531,27.746668504059176,0.4331573882469461,0.46971879595874155,17424568,595,False,29284.988235294117,1.0,1.2376718266486728
LD1 青江白菜 小梗,25.379733544492378,28.16156083214555,22.836840712465147,0.666551811658111,0.770876099367283,16643379,595,False,27972.065546218488,1.0,0.9622889096869583
SE6 青蔥 粉蔥,66.72453013007829,78.68517448758908,54.99935038423857,0.6141863015689808,1.0230742287596855,16190864,595,False,27211.53613445378,1.0,0.7274118692148418
FI2 茄子 麻荸茄,33.57322635248544,37.14031489768077,30.542472903932442,0.5276966965978687,0.5368136432122401,15565029,595,False,26159.712605042016,1.0,1.059723816124831
FB1 花椰菜 青梗,33.02103003165047,37.60056073270076,29.413942748836195,0.7548421039734529,0.7349683178617566,15083187,595,False,25349.894117647058,1.0,0.7775401562786185
FY5 玉米 糯米黑,20.139199409882295,21.21102189427438,19.27077027506537,0.5683249645630307,0.5244953019920059,14712997,595,False,24727.72605042017,1.0,0.9106533571236543
FC1 胡瓜 黑刺,25.698253394584036,26.683315230370265,24.692778272843054,0.41390649183267536,0.4314314772188131,14349549,595,False,24116.889075630254,1.0,0.9757756370736017
LH1 菠菜 圓葉,29.812496539502014,32.20239793810351,27.609625621085463,0.6269380101147858,0.6408674953845637,12953338,417,False,31063.16067146283,0.7008403361344537,0.8333073010059625
LF2 蕹菜 小葉,40.88448940774768,44.72392667632291,37.329546418451514,0.4301597593029363,0.46058143527035755,11960865,595,False,20102.29411764706,1.0,0.8186662267050715
FG1 苦瓜 白大米,53.312471138184165,59.10684489739823,48.9221356618998,0.4166261833072069,0.31826369999718074,11680658,595,False,19631.357983193277,1.0,0.8830129228422187
FR1 青花苔,36.07224001016009,37.9884765312802,34.50962479227363,0.4424421996588105,0.39630674392154264,11267623,456,False,24709.699561403508,0.7663865546218488,0.6800008789625519
SC1 馬鈴薯 本產,20.735334906158155,20.858644714863356,20.624691250452,0.22150779541903323,0.13258597822381207,11039585,595,False,18553.9243697479,1.0,0.8277119692075912
LA9 甘藍 進口,23.618704987764595,23.532621057058655,25.08454227257843,0.37957142497838425,0.6697553391051833,10625722,424,False,25060.665094339623,0.7126050420168067,0.47021558913556966
SD9 洋蔥 進口,28.78489113895386,30.153856369611653,27.24556498430155,0.3465754608907931,0.2857528473505136,10563053,595,False,17753.03025210084,1.0,0.5320530545995361
FR9 青花苔 進口,82.24427685989073,84.72929217417567,79.92526018473448,0.42272760332539433,0.3136794624315103,9726566,583,False,16683.64665523156,0.9798319327731092,0.39723590095324235
SD1 洋蔥 本產,18.459019263760123,18.586238840993072,18.339359343047676,0.3353929303479535,0.3477624979187303,9669919,595,False,16251.964705882352,1.0,0.5105446061701587
LC9 包心白 進口,30.678085639629447,30.989451527799986,29.857016035986202,0.43580263442716416,0.4566274491684422,9652237,595,False,16222.24705882353,1.0,0.5714154321308857
FE1 冬瓜 白皮,14.714497293347128,16.38627487750062,13.131181064917863,0.47630115269591156,0.3749491013740496,9384469,593,False,15825.411467116357,0.9966386554621849,0.7958453520063081
SO1 甘薯 臺農57號,22.00042192921434,23.94435929188064,20.39815626750035,0.3496272622803487,0.3594626764158491,9365315,595,False,15740.025210084033,1.0,0.9219550012126385
LN1 油菜,22.61025005807831,24.31881676652688,20.679647241997287,0.7110577728388919,0.7611800060031274,8604761,595,False,14461.783193277312,1.0,0.9137567554084748
FT1 南瓜 木瓜形,22.996589197620665,26.878118243858186,13.749650965488401,0.33138136845735555,0.3695747071649117,8338126,595,False,14013.657142857142,1.0,0.5203187904983587
FT5 南瓜 青如意,50.074461956031676,55.20999358468035,46.26796233404514,0.45638644838585146,0.5927763626066769,8140134,595,False,13680.897478991597,1.0,1.1407915776434279
SO3 甘薯 臺農66號,21.2774099618495,20.2691201873363,22.248948455193663,0.5144846027320616,0.3572459318400011,7865166,594,False,13241.020202020201,0.9983193277310924,0.8959571114425927
SX1 芽菜類 綠豆芽,12.683766864059198,12.647106561641518,12.720511342587269,0.3572075256572155,0.24583295925654244,7837007,595,False,13171.440336134454,1.0,0.08013466443435974
FN1 敏豆 白豆,95.82481985468418,101.95031549100547,90.29433318951092,0.40832811173047023,0.4443349137972814,7669364,595,False,12889.687394957984,1.0,1.1534587250372759
MJ1 杏鮑菇,56.90266198422235,55.88429282558813,57.905465495191216,0.27786190402012173,0.3081147185462148,7518865,595,False,12636.747899159664,1.0,0.9472080980479141
FH3 扁蒲 花蒲,18.76642910688247,21.736090929179884,16.167359728528243,0.46419890584463525,0.6128669698731669,7514319,595,False,12629.10756302521,1.0,0.8995530045277486
LJ3 芥菜 大芥菜,13.850500630229368,16.299848807071175,11.48539023284491,0.5480122121427285,0.5855457671261484,7106143,556,False,12780.83273381295,0.934453781512605,0.762626630646882
LK3 芥藍菜 芥藍芽,51.274436463188486,55.486971668214636,47.26055628614544,0.5118682678352685,0.5358072519915752,6765574,595,False,11370.712605042017,1.0,1.090923336175677
FK5 甜椒 青椒,47.01940736719783,51.0197543613322,43.39490187337333,0.5188093966798641,0.49011898158638784,6661393,595,False,11195.618487394959,1.0,1.0729919825545386
SH5 竹筍 烏殼綠,46.58610990424951,44.97771549335355,48.24855200716306,0.40090060068775957,0.4894318797580076,6525189,595,False,10966.704201680672,1.0,0.7647440723474925
LG2 芹菜 白梗,47.76593906618351,48.7819589088726,46.77832822919447,0.8329789688851008,0.8275074132314366,6103212,595,False,10257.499159663865,1.0,0.7685710898521788
SJ2 芋 檳榔心芋,48.94554689109082,51.38576472775874,46.679117675172904,0.20479050521816344,0.17731424252584221,5952538,594,False,10021.107744107743,0.9983193277310924,0.5187060047655787
LM2 莧菜 白莧菜,37.17533444930585,40.96765521538445,34.10272463357148,0.45357084202394765,0.45080826725540435,5694286,595,False,9570.228571428572,1.0,0.6951487111411516
OX1 其他,37.36081771777074,35.40996606201367,39.12158762531953,0.38903997187011535,0.4219511869393665,5431067,595,False,9127.843697478991,1.0,1.7036799875596864
SW1 球莖甘藍,11.397576836974258,14.73790407185934,8.668091009325275,0.5256413815388276,0.5848333322716143,5318338,417,False,12753.80815347722,0.7008403361344537,0.9115860376498778
SB1 胡蘿蔔 未洗,15.542724901673866,15.277105532006747,15.818574969358783,0.35339183780700173,0.23978151445483212,5310643,595,False,8925.450420168067,1.0,0.632697939513094
FY8 玉米 白龍王,32.080740347888344,32.69575743343428,31.471491300102134,0.6474409385011509,0.6448208753666262,5151308,594,False,8672.23569023569,0.9983193277310924,1.006759668427304
LB1 小白菜 土白菜,25.963780344316103,27.116900475165274,24.692684589289346,0.7189870267725985,0.7507095109544017,4564817,595,False,7671.961344537815,1.0,0.9382429976285884
FT2 南瓜 圓形,18.973283434838308,25.691033459670944,14.81713677069851,0.32383305725652517,0.34030898870215837,4449700,594,False,7491.077441077441,0.9983193277310924,0.4713221959158626
LA92 甘藍 進口 改良種,17.284760333530308,,17.284760333530308,,0.36913761678122237,4278112,132,False,32409.939393939392,0.2218487394957983,0.5932892604481697
SE2 青蔥 北蔥,70.10312023320132,86.78515838152602,59.07821706941941,0.7132370586905845,1.0296206341575176,4273046,585,False,7304.352136752137,0.9831932773109243,0.4502284594164472
SG2 大蒜 軟梗,80.38557570642323,86.08082006707276,74.33170955757534,0.4684989945242286,0.6490883118290542,4253470,595,False,7148.689075630252,1.0,0.9262211697908384
SQ1 茭白筍 帶殼,79.0269960700139,80.49528267883359,77.61344166838678,0.28675589473032326,0.25180408242519536,4174315,595,False,7015.655462184874,1.0,0.5360246081410283
LC3 包心白 包頭蓮,10.673384551040732,10.46761954645115,10.859336680879295,0.5342137443433862,0.4330545849819994,4086217,424,False,9637.30424528302,0.7126050420168067,0.3821884319740584
FG0 苦瓜 其他,46.339691847323074,57.13206396586371,40.377890744008035,0.49186198044037044,0.35943058357686647,3967384,595,False,6667.872268907563,1.0,0.6847753644113967
LL1 茼蒿,37.26262933635824,44.25314531191192,31.76981605494572,0.5786672046634614,0.7330998136737463,3852455,350,False,11007.014285714286,0.5882352941176471,0.8256826507332092
LI2 萵苣菜 結球萵,31.104429859881467,31.289770205991182,30.933545666051952,0.6953977847631365,0.8222676524157686,3729057,491,False,7594.820773930754,0.8252100840336134,0.849999237335713
FT11 南瓜 木瓜型 阿成,18.254224800349423,,18.254224800349423,,0.37084336123515826,3708980,221,False,16782.714932126695,0.37142857142857144,0.7397833275898966
FM2 菜豆 青色,53.12086017238528,57.24053447738966,49.55211776324597,0.46725464800677885,0.4199604467513251,3694399,595,False,6209.073949579832,1.0,0.7078675073812154
FJ1 番茄 黑柿,42.137174235011486,48.91251905902227,36.06438430976972,0.4727400572016604,0.677429661603279,3677114,590,False,6232.396610169491,0.9915966386554622,0.9310555496024395
LI3 萵苣菜 本島圓葉,37.88303902041216,39.28000368831596,36.269510388237904,0.5464636113122581,0.4766516327943743,3672565,595,False,6172.378151260505,1.0,0.8445029901753985
SF4 韭菜 青頭,52.557588177487,55.963374822153376,49.427919335234066,0.41463181553225775,0.38622171022613727,3590032,595,False,6033.667226890756,1.0,0.6924980690313215
FU2 隼人瓜 瓜苗,73.09321821301654,74.24450796703314,72.1297178689659,0.44293682645265153,0.3602104311079267,3487945,593,False,5881.863406408094,0.9966386554621849,0.37725530145304237
LC93 包心白菜 進口 包頭蓮,25.889353478308255,,25.889353478308255,,0.29776913532193616,3266588,213,False,15336.093896713615,0.35798319327731093,0.49649748405356237
FY4 玉米 玉米筍,26.05525808782468,24.274103487712082,33.09285209786603,0.5003676937651876,0.7079726959356545,3119442,595,False,5242.759663865546,1.0,1.1793747490450952
SP1 薑 老薑,61.090525781732545,49.379050503170895,76.32451947139316,0.2613399672086567,0.29582512864634064,2946660,595,False,4952.36974789916,1.0,0.8917454009332795
FH4 扁蒲 梨子蒲,21.634277580420523,24.093706468595663,18.797397938698257,0.5134185688669023,0.6234249281552369,2933766,595,False,4930.699159663865,1.0,0.7012982828201313
FK4 甜椒 彩色種,81.00292962936568,83.83137330191032,59.17921563851165,0.5145158319861843,0.40151236151084646,2862444,588,False,4868.102040816327,0.9882352941176471,0.9337282812501796
FA1 黃秋葵,63.229220427311375,67.04587226604134,60.206295494361356,1.0138157601227158,0.5752748654041268,2653428,595,False,4459.542857142857,1.0,1.320971201751432
LP2 九層塔,46.38282095280564,52.58195339561521,40.84314760991707,0.5443359727087906,0.635310142985573,2435397,595,False,4093.1042016806723,1.0,0.9681348282790673
SH1 竹筍 麻竹筍,42.532710697940786,42.605497339406355,42.47056390997514,0.31875779982564334,0.31745740495703734,2430636,332,False,7321.192771084337,0.5579831932773109,0.3517069890292526
LI9 萵苣菜 進口,85.04900474578352,87.32641483117493,81.44867840513781,0.513014167616732,0.4210990942958858,2411193,459,False,5253.143790849673,0.7714285714285715,0.740521747629095
FY0 玉米 其他,33.90888604180099,35.35313022544024,32.905619688998144,0.8603247961093864,1.2366398678327768,2408699,572,False,4211.012237762237,0.9613445378151261,0.7340722372369348
LH2 菠菜 角葉,55.62698286899508,60.0054547537356,52.0167362667236,0.5758317476321665,0.7424851754451288,2375926,594,False,3999.875420875421,0.9983193277310924,0.6660311472081107
ME1 金絲菇 金針菇,31.164373049237458,33.93202168063635,28.36708820392981,0.5905185741141846,0.379536059092025,2364460,595,False,3973.8823529411766,1.0,0.49864627048407156
FV4 辣椒 朝天椒,76.5511879219612,80.55257490196513,73.01732909237596,0.5785542814319007,0.6052453119431894,2313157,595,False,3887.6588235294116,1.0,0.6282771530338767
LT3 海菜 水蓮,122.59784829799747,124.05013279219371,121.20783486449903,0.27777802005760194,0.3269458329021821,2310543,595,False,3883.2655462184875,1.0,0.3194035870497681
FU1 隼人瓜,18.47444828463473,20.334962059625617,16.808710951472396,0.4538774663150578,0.4356620701907179,2283741,595,False,3838.220168067227,1.0,0.5486504725564113
LP1 芫荽,71.46106313350494,65.75634312920869,77.71969345704034,1.3040499329581126,0.9115351368833833,2273167,595,False,3820.4487394957982,1.0,0.8542247434387829
SH2 竹筍 綠竹筍,134.11298666293138,125.45086173672968,143.9596684816835,0.5962861704324802,0.5350703301992653,2263091,579,False,3908.6200345423144,0.973109243697479,0.902829470615387
LC0 包心白 其他,52.08831577246784,59.812967503071896,40.28449051616968,0.609346357776613,0.7638344215793271,2259285,595,False,3797.1176470588234,1.0,0.8594267435255067
MD1 濕香菇,99.29208082393579,98.97352520449031,99.59128870626735,0.39737685125227495,0.41167829622182545,2206871,595,False,3709.0268907563027,1.0,0.4818222716929885
SP2 薑 嫩薑,54.25561927184294,46.778192043606175,62.2917578129166,0.34133775191590743,0.3744392473576232,2139868,595,False,3596.416806722689,1.0,0.5253396066577608
SP3 薑 粉薑,50.08412908503921,43.08123477273798,57.8843223889693,0.2415833431908972,0.4182768021487638,2136638,595,False,3590.9882352941177,1.0,0.30385175668846515
LI8 萵苣菜 水耕,64.27966103441557,65.49606089819413,63.05861885448629,0.5183548301926728,0.4407011627097327,2134848,595,False,3587.9798319327733,1.0,0.3453537445356672
SU2 薯蕷 白薯蕷,56.59247117790148,51.18137903005958,67.67873326980869,0.26668704223723044,0.3158977727403601,2079741,595,False,3495.363025210084,1.0,0.6978613237027389
OA2 鹹菜 帶葉,34.95808103603917,34.93870513755504,34.97888173294498,0.0988712343161064,0.11696759374373815,2073744,594,False,3491.151515151515,0.9983193277310924,0.016814940830540043
FF0 絲瓜 其他,29.26730098304561,29.37052077376813,29.16691776861947,0.5175201585100959,0.46617356388791126,1968576,589,False,3342.2342954159594,0.9899159663865547,0.7320878119326301
FT9 南瓜 進口,37.89993780682729,38.87130947744529,35.489222382032516,0.28604702699135953,0.4277385364946812,1963238,571,False,3438.245183887916,0.9596638655462185,0.5236872455626052
SG6 大蒜 蒜仁,126.5888424457804,144.00308377291205,109.41237970212502,0.23159705941461614,0.18912872822466986,1897423,595,False,3188.946218487395,1.0,0.1419228305220455
SS1 大心菜 帶葉,22.832778458031296,25.127131365440306,20.627952927412128,0.42708194092318597,0.5736395586049229,1890635,291,False,6497.027491408935,0.4890756302521008,0.8734783758983071
FN5 敏豆 醜豆,64.48118991219725,70.64334104764181,58.826811560039594,0.3724841877403571,0.4386549787820827,1871012,595,False,3144.5579831932773,1.0,0.9526459852119403
SQ3 茭白筍 去殼,141.07183972086156,142.53337953959567,139.72626875521772,0.23872920358261637,0.20118108439119062,1845106,595,False,3101.018487394958,1.0,0.7093972141253656
LB3 小白菜 奶油白,24.715086854342392,27.99658203956518,21.909997027913356,0.6342442954277889,0.6902488026446499,1834796,595,False,3083.690756302521,1.0,0.9531583515291997
SC9 馬鈴薯 進口,28.723370121473607,30.721596493176946,27.07652495664142,0.40604832743162655,0.45181857914842016,1773307,595,False,2980.347899159664,1.0,0.7086791642599711
LJ5 芥菜 翡翠娃娃菜,41.823938533296385,40.85729888456474,42.69627280694241,0.6724903994558639,0.5207577733935163,1732320,263,False,6586.768060836502,0.44201680672268906,0.6867279255303662
LK2 芥藍菜,30.689447428229904,35.006718717320105,25.646956324646954,0.6855778022567783,0.7120151087162486,1721713,595,False,2893.635294117647,1.0,0.980759639401901
SO0 甘薯 其他,21.32826561049628,21.66130350931087,21.041522520970226,0.45102492935031735,0.49807470751190025,1695686,593,False,2859.504215851602,0.9966386554621849,0.7356790938382712
FY41 玉米 玉米筍 帶殼,20.161250146702454,53.0,20.157976808380127,,0.39752212695032485,1695609,268,False,6326.899253731343,0.4504201680672269,1.042786400299828
SI1 萵苣莖,17.20071120325948,17.75928196104428,16.625624892573555,0.4919255465669158,0.5339910419505127,1617681,303,False,5338.881188118812,0.5092436974789916,0.7214023843400684
SL1 豆薯,32.64645302449331,32.818451536426345,32.4657969656518,0.2439944560227254,0.3960047521858449,1597375,592,False,2698.2685810810813,0.9949579831932773,0.2543562776602407
FV1 辣椒 紅小,77.07549954287674,81.3556364436906,72.55539137269407,0.4824159589072882,0.47243214550728757,1556473,595,False,2615.921008403361,1.0,1.0165084099473893
FT97 南瓜 進口 栗子,28.181082806971517,,28.181082806971517,,0.2786700951914917,1555014,221,False,7036.262443438914,0.37142857142857144,0.6706332309654249
FY9 玉米 進口,120.7544466152226,119.45562235127775,124.20583239631269,0.43530240270639664,0.32003176448709625,1476685,595,False,2481.823529411765,1.0,0.6262575967409614
LG9 芹菜 進口,46.360573805053505,46.12103853899671,46.53410418862427,0.4788307884096376,0.3709554522705161,1456174,524,False,2778.9580152671756,0.880672268907563,0.4613833716003313
ME2 金絲菇 盒裝,40.50955073297897,43.80836884659264,37.371304205967846,0.47150361813845804,0.41187535426389166,1447313,595,False,2432.458823529412,1.0,0.19069820137174884
FK41 甜椒 彩色種 紅色,71.66296812224174,,71.66296812224174,,0.42215806405745643,1400569,271,False,5168.151291512915,0.45546218487394957,0.8029862058012431
LJ4 芥菜 小芥菜,25.504620617099253,28.994361707503316,21.869156205446902,0.548214914912305,0.5721466222262739,1396307,595,False,2346.7344537815125,1.0,0.8550422594218624
LI6 萵苣菜 蘿美,37.73838692442342,36.132258287720894,39.42304810174048,0.8801479044237609,0.7210699388036508,1355076,595,False,2277.4386554621847,1.0,0.783144222446918
MC1 濕木耳,66.12011656063174,68.00346007652777,64.46792190726488,0.4363219088610314,0.4387411943399312,1350027,595,False,2268.9529411764706,1.0,0.8397669316953429
LQ1 紅鳳菜 紅鳳菜,51.974418488016454,54.26230614688006,49.95898469124121,0.45542291358364273,0.3971262141699706,1335914,594,False,2249.013468013468,0.9983193277310924,0.6446160798218719
LI4 萵苣菜 本島尖葉,31.182137681023313,33.643713844294425,28.311686272084575,0.5146662834123817,0.38732038827336246,1330975,440,False,3024.943181818182,0.7394957983193278,0.677778118396452
LL2 茼蒿 山茼蒿,23.644677741898338,27.43798150563526,20.072967870739795,0.7040990461251727,0.6913371013655152,1233142,361,False,3415.905817174515,0.6067226890756302,0.88803076748075
FG4 苦瓜 翠綠,44.98781748285672,54.861877401254866,36.218564329472706,0.5599147271927816,0.5297850813825137,1230657,595,False,2068.331092436975,1.0,0.5837915384426261
SE1 青蔥 日蔥,177.98296741523058,161.7314217508465,191.15848321824907,0.7922957388608048,0.6668579642526606,1227506,595,False,2063.035294117647,1.0,0.5810815182874093
LE1 皇宮菜 小葉,51.74699282536033,52.172021692334695,51.264248338579925,0.39343399366534276,0.46233838460725707,1221246,595,False,2052.5142857142855,1.0,0.996450016913199
FL6 豌豆 甜豌豆,79.06637777112832,82.86782567516418,75.49620942455115,0.45728623996551554,0.4598309243778163,1216472,486,False,2503.028806584362,0.8168067226890756,0.5295778856047256
FT7 南瓜 栗子,37.314664856884484,43.806002251224484,30.386528599234758,0.3132838789023745,0.41555422514123425,1209722,582,False,2078.5601374570447,0.9781512605042016,0.5036355688870644
LG3 芹菜 西洋芹菜,21.954937010017964,19.778193086633372,24.387321918542618,0.5526734976596024,0.5380477558160511,1204636,558,False,2158.8458781362006,0.9378151260504202,0.45208160361823607
FD0 花胡瓜 其他,58.236313651822975,59.623570690988124,56.97625033965501,0.4073880084425583,0.4600393779948146,1165815,595,False,1959.3529411764705,1.0,0.7439911943761628
FV6 辣椒 糯米椒,85.00905115765764,91.73183525185729,79.069259445051,0.44884253749234326,0.3737295698274504,1148958,595,False,1931.021848739496,1.0,0.9605010279338664
SN1 蓮藕,45.433917917335684,43.94541178966725,47.02781246788185,0.32942231018571855,0.5880360569063245,1148452,578,False,1986.9411764705883,0.9714285714285714,0.7010609420829849
FZ1 落花生 生,47.523311720534466,47.72635987544085,47.31345912346341,0.3543154783120467,0.35843182838052956,1096264,595,False,1842.4605042016806,1.0,0.2589971045951414
SV9 蘆筍 進口,209.54009733197657,194.82708376278833,239.38591837319206,0.3401927078656952,0.2843761650241575,1057412,595,False,1777.163025210084,1.0,0.3960745708743839
LN2 油菜 小松菜,27.807495828096194,28.42516266877539,27.162061787274283,0.711738142067091,0.7160794839551152,1029506,595,False,1730.2621848739495,1.0,0.44147692205298805
FK42 甜椒 彩色種 黃色,74.7055155087542,,74.7055155087542,,0.47557357237751285,1028935,271,False,3796.808118081181,0.45546218487394957,0.8574747678438752
SG5 大蒜 蒜頭,82.76070146748381,89.73788801408149,77.8482743663689,0.3256935123411774,0.2340453852872339,1017524,594,False,1713.003367003367,0.9983193277310924,0.6404656590790704
OB1 雪里紅,16.150158529475668,15.34448713215116,16.932334442924518,0.37106959022314545,0.303209559666122,1017161,592,False,1718.1773648648648,0.9949579831932773,0.05977967003277051
SO2 甘薯 芋仔甘薯,25.69547405417916,25.193271318691757,26.131113049911143,0.4377476849557829,0.5667948024023997,928955,591,False,1571.8358714043993,0.9932773109243698,0.6031094851936745
LM1 莧菜 紅莧菜,40.23404970745656,43.765696809033365,37.19849297062992,0.43322797693261855,0.40739434878041086,902601,591,False,1527.243654822335,0.9932773109243698,0.45583327974269283
LF3 蕹菜 水蕹菜,71.94998658241238,77.68699379431435,67.87372073976725,0.5111126002253529,0.4373483967749871,898075,536,False,1675.5130597014925,0.9008403361344538,0.4131244210461377
MX1 其他菇類,98.0744830956061,93.83758818802197,102.53881766231822,0.5275030026583293,0.3455456238141925,877967,595,False,1475.5747899159664,1.0,0.9926039293525496
LA0 甘藍 其他,7.908215960202042,11.908284004752593,6.7548832550629925,1.1572619634575594,0.5389193778716989,838636,123,False,6818.178861788618,0.20672268907563024,0.09004573283060928
SF1 韭菜 白頭,65.87770477515377,63.5972933668812,68.90681785872574,0.45504995242895874,0.36031517363969273,835282,594,False,1406.1986531986531,0.9983193277310924,0.4857099813559767
FK6 甜椒 水果彩椒,114.47371874053745,120.64451036319686,109.2520732859786,0.2778307265034638,0.25780886343004616,832228,595,False,1398.7025210084034,1.0,0.8769987614810945
LA91 甘藍 進口 初秋,25.107299023110542,,25.107299023110542,,0.37578609103479643,792106,86,False,9210.53488372093,0.14453781512605043,0.32840144329664567
LC90 包心白菜 進口 其他,62.18840207232832,,62.18840207232832,,0.4681873896383266,787520,213,False,3697.2769953051643,0.35798319327731093,0.5244285472020767
SF2 韭菜 韭菜黃,143.26538040450745,145.46262095784076,140.9465896320584,0.34627449266567345,0.32787646618887023,777291,595,False,1306.3714285714286,1.0,0.3525414447872973
LJ1 芥菜 芥菜仁,18.491818223066304,19.843542478444704,17.138049200702646,0.5609899488742794,0.49221311169626036,771385,364,False,2119.1895604395604,0.611764705882353,0.5004481454307467
SV2 蘆筍 綠蘆筍,175.63181619768253,188.97518039849217,164.25256878978453,0.3662153345163984,0.45529540059224727,726215,595,False,1220.5294117647059,1.0,0.6365419428516405
SF3 韭菜 韭菜花,123.10020008324128,128.21559062893724,118.23852694885315,0.34410107369974385,0.3970731216397005,723199,595,False,1215.4605042016806,1.0,0.2932415281657723
FF2 絲瓜 角瓜,73.1207067121017,72.02436377747823,74.12880169989911,0.9359393895583531,1.151802084106561,715454,595,False,1202.4436974789917,1.0,0.6084020609027697
FP1 萊豆 豆莢,59.942727172529885,66.19924238599609,55.312842960468636,0.53922053784196,0.6139901408528656,698621,449,False,1555.9487750556793,0.7546218487394958,0.3995771421533199
OG1 熟筍 桂竹筍,72.2115128935853,72.17399787828296,72.24645333258904,0.3012362613227534,0.32753092867764466,691972,494,False,1400.753036437247,0.8302521008403362,0.17832007621891993
SU9 薯蕷 進口,133.15367891266948,134.76144275982142,131.87535027004353,0.46275513569969917,0.38152997341591594,684686,594,False,1152.6700336700337,0.9983193277310924,0.3844662803981619
LG5 芹菜 芹菜管,48.25881040880692,46.27508581110784,50.507571517207694,0.4200262455857953,0.4805211548151355,646491,291,False,2221.618556701031,0.4890756302521008,0.9860525683299824
SR1 菱角 生菱角,57.686815947432,70.71833403453303,50.012993243243244,0.258223411579904,0.3598095222502688,634911,371,False,1711.3504043126684,0.6235294117647059,0.297999420061256
SH7 竹筍 去殼,33.960335804795086,32.84087453797336,35.17923550308361,0.4430134699346618,0.5694761643753042,632689,595,False,1063.3428571428572,1.0,0.3179248157229296
FI1 茄子 胭脂茄,36.37630548427561,52.15308434210374,25.34604923278327,0.5872535607538101,0.41525528095973246,628196,421,False,1492.1520190023753,0.7075630252100841,0.5467766559240003
FQ2 毛豆 豆仁,131.90260075994246,143.84055958846983,123.84065231276732,0.3315239774043311,0.3974007485392617,621626,592,False,1050.043918918919,0.9949579831932773,0.29418132371496536
FL5 豌豆 豌豆苗,101.13488630116615,94.35022151181816,108.8180052805798,0.5542065963629161,0.6033804905434363,598467,521,False,1148.6890595009597,0.8756302521008403,0.5184482944448746
SX2 芽菜類 黃豆芽,20.00817368879082,19.990927349681623,20.02474795635847,0.02249357173966628,0.055813138380175764,596377,595,False,1002.3142857142857,1.0,0.004730575528407518
SE5 青蔥 紅蔥頭,61.536492275161145,66.86748327072203,57.72090529537229,0.35583490039662535,0.3377244604466706,586420,595,False,985.5798319327731,1.0,0.3935600138009479
SG7 大蒜 蒜瓣,133.16729905810632,149.8555164058107,120.86971504544546,0.3399624445818117,0.2611570569379528,582656,595,False,979.2537815126051,1.0,0.8478825924936058
FY94 玉米 進口 玉米筍,135.49904269721608,,135.49904269721608,,0.5927341156575846,582052,230,False,2530.6608695652176,0.3865546218487395,0.38778825099444886
FL9 豌豆 進口,151.14395634194292,138.39937666162217,173.55485917316375,0.3649426089520358,0.3664187970783998,575289,589,False,976.7215619694397,0.9899159663865547,0.2453078240100609
OC1 榨菜,31.406837996508276,30.97048545498097,31.927004850268297,0.08242342855184269,0.04493161270205032,552735,546,False,1012.3351648351648,0.9176470588235294,0.08544459235617936
LA6 甘藍 甘藍芽,29.907399713840718,33.183360056686816,27.629415963639463,0.7771809533865307,0.7215351798586324,536764,566,False,948.3462897526501,0.9512605042016806,0.6102068328502109
MA2 洋菇 盒裝,193.30910912290776,194.9367163859464,191.8297600380652,0.5951705189974127,0.5952967978692967,529568,595,False,890.0302521008404,1.0,0.5831046619459326
FT12 南瓜 木瓜型 阿嬌,15.526367672006582,,15.526367672006582,,0.4059578400935163,492205,203,False,2424.655172413793,0.3411764705882353,0.30922954249792967
MI1 秀珍菇,75.72297312134026,79.74805719404398,71.9897712131425,0.36432389525587294,0.3499935527720669,491840,595,False,826.6218487394958,1.0,0.32794382079069356
FY7 玉米 糯米白,14.52768738450444,13.682346032719682,15.551515728056824,0.4917939466034507,0.5096909402218763,488114,530,False,920.9698113207547,0.8907563025210085,0.09452203897812948
LI0 萵苣菜 其他,97.30465015629743,99.28598295508132,95.4869569663266,0.5719404682599061,0.6607686376506102,487532,595,False,819.381512605042,1.0,1.2279235824759946
FV9 辣椒 進口,72.48826346780987,70.68363893268287,76.71828082946352,0.4235162285368994,0.30970768237825114,479588,512,False,936.6953125,0.8605042016806723,0.22942509556844995
LI92 萵苣菜 進口 結球萵,82.78138596242377,,82.78138596242377,,0.5889863876268688,465294,124,False,3752.3709677419356,0.20840336134453782,0.7656023641278892
FI3 茄子 日本種,30.440183812694432,37.60831633586068,24.19559164733179,1.1349249057608497,0.781751725508014,458075,595,False,769.8739495798319,1.0,0.8240269199333523
SA32 蘿蔔 矸仔 未洗,9.028610888029009,9.028610888029009,,0.16676418790207512,,410910,12,False,34242.5,0.020168067226890758,1.003821758005912
FR2 青花苔 青花筍,72.50838618417343,73.6657214322759,71.54688449541078,0.6418584443637377,0.5480181781214414,407909,437,False,933.4302059496567,0.7344537815126051,0.8414133153939125
SZ8 香茅,44.27809973926793,49.31172257019968,40.11793824001153,0.41675085270934736,0.46613143537243634,405397,594,False,682.486531986532,0.9983193277310924,0.68572784112832
SU21 薯蕷 白薯蕷 人參,53.04890897330733,,53.04890897330733,,0.39065661541451646,403519,192,False,2101.6614583333335,0.3226890756302521,0.6747102867739203
SV92 蘆筍 進口 綠蘆筍,171.0309757492953,,171.0309757492953,,0.37577959875398326,382793,210,False,1822.8238095238096,0.35294117647058826,0.41224663934221606
OI4 筍茸,29.956612458966905,30.10597194984906,29.813540710252756,0.16335946297132994,0.17147539148210414,371042,593,False,625.7032040472176,0.9966386554621849,0.010543563472632952
SA6 蘿蔔 白玉蘿蔔,29.115140631924852,27.420710852735482,30.61472423577116,0.5248342629274735,0.47533825950422154,370044,283,False,1307.5759717314488,0.4756302521008403,0.7363492600448753
FV2 辣椒 青小,56.69947552686082,57.165346235258546,56.187862496206854,0.6594581866495481,0.6473423326463162,366463,595,False,615.9042016806723,1.0,0.761708042285923
FQ1 毛豆 豆莢,50.72088839861071,53.63852738397254,48.261098501814224,0.2777665261654384,0.27891753220558874,366232,524,False,698.9160305343512,0.880672268907563,0.42793062408453697
SJ3 芋 里芋,53.43566640242404,53.57647823335937,53.303292928643394,0.26931498501458656,0.286535927395919,362041,586,False,617.8174061433447,0.984873949579832,0.49073900618138455
MK1 鴻喜菇,87.95976819263474,90.81969018770303,84.75367637110199,0.49379406889364724,0.4173654427224789,360558,595,False,605.9798319327731,1.0,0.3992986895668517
LE2 皇宮菜 大葉,32.80549666727732,34.72744543081561,31.073576090101483,0.43457220362464655,0.4265575286981591,354815,595,False,596.3277310924369,1.0,0.6756212646221254
LX1 蕨菜 過貓,75.20102226622738,77.69382023131568,72.85704025526654,0.47736172227215334,0.3698426826079619,351474,594,False,591.7070707070707,0.9983193277310924,0.34987258335421684
LB22 小白菜 蚵仔白 未洗,37.45995831852885,37.45995831852885,,0.2208949426613848,,334921,12,False,27910.083333333332,0.020168067226890758,0.9200152523005988
LI1 萵苣菜 廣東菜,38.4901554701976,37.02953774145197,39.82889729897869,0.9749313173625115,0.696778350410258,295748,594,False,497.8922558922559,0.9983193277310924,0.6456293820211504
LA5 甘藍 甘藍心,31.932917997253057,36.96359803290593,28.392808742154063,0.948661914349608,0.8681561184339176,293417,526,False,557.8269961977186,0.8840336134453781,0.44578405164235285
FL2 豌豆 紅花,112.2377309723771,111.7117387848536,112.84594062026676,0.4346598126560904,0.352283181686108,293271,402,False,729.5298507462686,0.6756302521008404,0.4034587671534455
SM9 牛蒡 進口,43.55237042200199,47.35234850824228,39.11791667305599,0.5046967090527248,0.36262888102667395,282629,589,False,479.84550084889645,0.9899159663865547,0.17055681949099044
FT6 南瓜 東昇,32.963029090185266,35.16784940302325,30.495258003766477,0.48096024577778707,0.463219477490249,281332,424,False,663.5188679245283,0.7126050420168067,0.3608731564058358
FT0 南瓜 其他,18.862432845666092,24.600585062918775,15.77313237605875,0.46596629392772027,0.5000609968668814,262269,561,False,467.50267379679144,0.9428571428571428,0.3456282946240071
FT3 南瓜 黃如意,71.94531685976415,76.28038538058512,67.8972614095599,1.3675291380563903,1.281857620510297,261267,592,False,441.3293918918919,0.9949579831932773,0.8406519517962043
SA7 蘿蔔 甜菜根,23.52700122796043,17.613038783692588,29.127238348707998,0.47184702147104113,0.5183507051423254,258966,588,False,440.4183673469388,0.9882352941176471,0.48861284412485484
FK9 甜椒 進口,69.43113485405537,71.64353374908556,66.60529733930356,0.4439712132209868,0.39406769071361514,246155,345,False,713.4927536231884,0.5798319327731093,0.3057035142997132
OA1 鹹菜 清心,32.80055488821185,31.38447778328183,34.38855656467684,0.4034540233356833,0.2900929056390738,240589,209,False,1151.1435406698565,0.35126050420168065,0.06253243418183843
FK3 甜椒 新香,50.08132299371262,54.825300678087075,45.735836643292636,0.9048348351766468,0.6693729358548532,234438,592,False,396.01013513513516,0.9949579831932773,0.6926827980226903
FI0 茄子 其他,29.529943820949157,33.5529398261668,26.711729405745196,0.6118072526971262,0.6971705738604608,232649,593,False,392.3254637436762,0.9966386554621849,0.7623033894886967
SJ5 芋 芋角,75.80737881696956,76.03253329150108,75.57951967684464,0.1522081275784048,0.1581691751766375,228126,448,False,509.20982142857144,0.7529411764705882,0.21710162002617334
MA1 洋菇,122.31634585085216,118.34649795223834,126.97072123612537,0.4139073969203141,0.421157245704387,222142,595,False,373.3478991596639,1.0,0.35875765202083765
SU1 薯蕷 紅薯蕷,68.6330084579116,63.68852969309835,74.86657571205201,0.36523199531953165,0.48803644340455987,221213,588,False,376.2125850340136,0.9882352941176471,0.46035142179333677
LA4 甘藍 紫色,21.578398430483976,21.47817131035103,21.738090290218558,0.5824704087054432,0.5625299646862094,217137,577,False,376.3206239168111,0.9697478991596639,0.3250096303656924
SK2 荸薺 加工,66.2993766204592,66.28629953793796,66.31284882229423,0.03637903728649796,0.0915543984921657,213674,593,False,360.32715008431705,0.9966386554621849,0.0006996836506622449
SH4 竹筍 孟宗筍,124.29497946977652,116.83401481898773,135.4433799029637,0.7796246945326041,0.728285367089766,213344,296,False,720.7567567567568,0.49747899159663866,0.2635009839775875
LC91 包心白菜 進口 包白,46.66395867552191,,46.66395867552191,,0.011320760926804277,210045,166,False,1265.3313253012047,0.27899159663865547,0.02198812349515514
SB9 胡蘿蔔 進口,22.845716947784993,19.906242818843356,24.61841768935836,0.45392318935402604,0.5459306357069755,208216,295,False,705.8169491525424,0.4957983193277311,0.11835044007409207
SG4 大蒜 蔥蒜,82.7190439846773,93.42835314689418,75.14581856809713,0.7356019591241283,0.9543836600540836,205708,529,False,388.86200378071834,0.8890756302521008,0.3786887041431513
MK2 鴻喜菇 盒裝,185.64625371317265,182.7931476068325,188.38515061275913,0.45682242137230217,0.31861128306071645,205350,595,False,345.12605042016804,1.0,0.2673392081867878
SX3 芽菜類 豌豆芽,79.9950843304731,77.42220789874605,82.20286328107144,0.10551065352575073,0.057990349275258805,203248,595,False,341.59327731092435,1.0,0.041826292379886894
FE0 冬瓜 其他,19.674924124272806,15.109439614538598,21.08787409232365,0.5440069063892303,0.48811759129596066,201975,418,False,483.1937799043062,0.7025210084033613,0.28904328436138993
LS1 茴香,46.82676052123696,50.596431380159125,43.22993451185998,0.45418286995690244,0.5600456812106328,200523,554,False,361.95487364620936,0.9310924369747899,0.36864165944976546
LX2 蕨菜 山蘇,173.44065217170743,164.9884091285418,182.62735154934944,0.46181418001103275,0.45780849287190045,197126,593,False,332.42158516020237,0.9966386554621849,0.44422602489023016
FZ2 落花生 熟,72.35082201877985,70.16863204731673,74.46571726074656,0.25825970774500095,0.29820217272404653,187222,594,False,315.1885521885522,0.9983193277310924,0.015581409078265725
LC6 包心白 冬白芽,57.5561001128081,58.11256741334169,56.9474612362782,0.5733943125571739,0.713741617255897,171087,379,False,451.4168865435356,0.6369747899159663,0.5466072421147009
SX4 芽菜類 苜蓿芽,70.78876651852026,68.74739419564607,72.40767614601019,0.1743324913020234,0.18540741073783715,168977,595,False,283.9949579831933,1.0,0.010295565555791173
LV1 巴西利,125.00234951652014,115.67576585507386,133.9777011226805,0.9469867058265959,0.9441383703347813,168673,595,False,283.4840336134454,1.0,0.5143687185725927
OE2 醃瓜 漬 漬,37.71080791037554,38.10565322547864,37.09212763924715,0.13331034804607672,0.1194149038554831,161206,573,False,281.3368237347295,0.9630252100840336,0.061147757239945075
OD1 蘿蔔乾,33.15553540752052,33.08131286808777,33.226367163214036,0.04855716171283507,0.08576261025959298,157170,595,False,264.1512605042017,1.0,0.051200067242729116
LI7 萵苣菜 紅捲綠捲,106.77178265203071,101.73420379854709,124.87514251061249,0.8283283810567856,0.6886441355765563,151499,443,False,341.9841986455982,0.7445378151260504,0.8392724004937783
FV94 辣椒 進口 朝天椒,61.522216811406004,,61.522216811406004,,0.4549976726961134,147852,140,False,1056.0857142857142,0.23529411764705882,0.23633303949408505
SP4 薑 竹薑,38.11236915689461,27.969112326170137,55.62414832258966,0.48477927074737087,0.3488221204059132,136614,475,False,287.60842105263157,0.7983193277310925,0.2863557364310282
LT2 海菜 海帶,54.12834250161793,54.76007084385068,53.42350277738879,0.17107780017205612,0.20728558429405347,135976,595,False,228.5310924369748,1.0,0.07230566301542522
FM1 菜豆 白色,39.59073667022546,46.91780580744742,36.05477770018622,0.4758619834227469,0.5036949879856095,127384,401,False,317.66583541147133,0.6739495798319328,0.4171625166000535
SG9 大蒜 進口,207.2919484279431,220.9230965645311,181.86205128205128,0.3771202715662952,0.34063322085301445,125727,289,False,435.0415224913495,0.4857142857142857,0.14792880089158184
LI96 萵苣菜 進口 蘿美,103.09684171042758,,103.09684171042758,,0.43214458245957843,119970,114,False,1052.3684210526317,0.1915966386554622,0.4052257913711437
FP2 萊豆 豆仁,106.50974381043999,114.1741810274752,101.06728332708015,0.4363832529647975,0.4081731444290539,118506,304,False,389.82236842105266,0.5109243697478991,0.4319144909813464
SM1 牛蒡,38.21349532138395,38.62450474246608,37.98833171091057,0.2983584415828763,0.292096750958428,117663,523,False,224.97705544933078,0.8789915966386554,0.14080774921444042
LZ2 藤川七 川七葉,92.35211675926406,93.92193498668908,90.8188733791782,0.5783913676034521,0.7725147650031194,115554,593,False,194.86340640809445,0.9966386554621849,0.3407967025888501
FL1 豌豆 白花,71.44591073454339,76.39453666336709,67.13477943615257,0.6335903854873534,0.5065521638151497,112832,299,False,377.3645484949833,0.5025210084033613,0.5486513830513003
FN4 敏豆 翼豆,40.012104565258575,44.7263196546199,36.79868938003428,0.8136048055174664,0.8175088749858044,110859,501,False,221.2754491017964,0.8420168067226891,0.2441028322059233
FK94 甜椒 進口 彩色種,59.9820683794208,,59.9820683794208,,0.4656408083787671,107079,166,False,645.0542168674699,0.27899159663865547,0.2491548191843324
SU3 薯蕷 樹薯,26.928408819397323,25.048526400000004,29.717022286568717,0.3736073649750961,0.35044757661222553,104633,445,False,235.13033707865168,0.7478991596638656,0.23768586937229066
MF1 蠔菇 鮑魚菇,50.06615926543914,55.31113187339061,46.138426621160406,0.3830849725442658,0.6277163515437378,102483,592,False,173.11317567567568,0.9949579831932773,0.2649215641691415
FT72 南瓜 栗子 小黑,43.05819630847629,,43.05819630847629,,0.4261459226993351,101259,158,False,640.879746835443,0.26554621848739496,0.5423999703382629
FJ2 番茄 粉柿,29.13768889805175,29.6712701094542,28.749749870929843,0.4399364610118055,0.3848351686284912,97010,207,False,468.6473429951691,0.34789915966386553,0.15242308170745483
FS1 越瓜 青色,11.10104138120033,10.855935942731072,11.629603752869548,0.5563087912731712,0.6555011422700424,94874,246,False,385.6666666666667,0.4134453781512605,0.37815364236759735
SE3 青蔥 大蔥,64.38580410072335,75.27838500000001,55.9964089727544,0.8266353360842918,0.8153689691094024,91935,368,False,249.8233695652174,0.6184873949579832,0.49018498515925507
FL96 豌豆 進口 甜豌豆,148.03538223254785,,148.03538223254785,,0.43004186949941076,90390,176,False,513.5795454545455,0.2957983193277311,0.32254292864240264
FV91 辣椒 進口 紅小,62.82052848683773,,62.82052848683773,,0.47295331736530016,90182,143,False,630.6433566433567,0.24033613445378152,0.3203947447886338
SJ4 芋 芋莖,14.26146237665435,13.208053636733037,15.06131805746961,0.3971099964164691,0.42245108402481085,85532,431,False,198.45011600928075,0.7243697478991596,0.3152959720340814
FL92 豌豆 進口 紅花,104.21406600182613,,104.21406600182613,,0.4901538525253023,84331,175,False,481.89142857142855,0.29411764705882354,0.3739897085719208
FV0 辣椒 其他,76.17001804711246,79.85171191084709,72.25023656019415,0.763834501519294,0.5997341162680934,84224,595,False,141.5529411764706,1.0,0.8837007464287341
FG2 苦瓜 青大米,31.58749370186425,31.810119833089626,31.129853372434013,0.42339747948298734,0.43137334457235454,83358,288,False,289.4375,0.48403361344537815,0.12288794254303133
LB8 小白菜 水耕,47.00747652077835,51.24557203160516,41.455042541123085,0.5924658491657941,0.4911163791714253,81455,540,False,150.84259259259258,0.907563025210084,0.19916111416398039
SP0 薑 其他,47.927710827911035,45.67803764617597,49.493965648605695,0.4975961277936455,0.5093548638469202,77919,580,False,134.34310344827585,0.9747899159663865,0.24687059921069054
LA94 甘藍 進口 紫色,19.946792901242542,,19.946792901242542,,0.3904155223067695,77422,242,False,319.92561983471074,0.40672268907563025,0.29600670390262657
FW1 金針花,174.83339772594678,165.94398724249714,183.57944905990382,0.796892575522055,0.3699245799096659,77131,244,False,316.1106557377049,0.41008403361344536,0.3558368747385889
FM3 菜豆 紅色,42.77444416219902,45.26332537528208,41.05344640434193,0.530000838122575,0.48477242524801945,74797,366,False,204.36338797814207,0.6151260504201681,0.2683381803864125
FN3 敏豆 粉豆,37.115498094719655,38.23014798268882,35.54493147990296,0.4608298274991745,0.5034421573199634,73480,444,False,165.4954954954955,0.746218487394958,0.27233093052525315
SE4 青蔥 珠蔥,48.43368778594205,53.74367137454658,34.878085902866715,0.5162464587311281,0.43609406789808586,72130,210,False,343.4761904761905,0.35294117647058826,0.2939183638427755
FG3 苦瓜 山苦瓜,63.893976190476195,65.04946984665906,62.72330053288972,0.41071091243142177,0.41181385505330187,71400,538,False,132.71375464684016,0.9042016806722689,0.24024595433304985
FT96 南瓜 進口 東昇,27.977645393252125,,27.977645393252125,,0.8530139522621728,71341,186,False,383.5537634408602,0.3126050420168067,0.30954180386795926
LA97 甘藍 進口 改良尖,19.697697275650064,,19.697697275650064,,0.36595482555049613,70916,14,False,5065.428571428572,0.023529411764705882,0.15063473461573387
FX2 虎豆 福豆,64.85987181845191,70.47289804851358,61.30324273101281,0.3492693308924528,0.317190720438652,70681,297,False,237.98316498316498,0.4991596638655462,0.35898880923091686
SA4 蘿蔔 櫻桃,98.51614746037255,116.30059804638184,84.80728115556012,0.7743068515534534,0.7868626760041872,69144,552,False,125.26086956521739,0.9277310924369748,0.5298352282593297
FT91 南瓜 進口 木瓜型,15.362690168922462,,15.362690168922462,,0.48016677288090637,66717,126,False,529.5,0.21176470588235294,0.1491034129398485
MK0 鴻喜菇 其他,185.46240155389307,191.82389925978353,178.71929352922785,0.25053618444547804,0.15541112602319201,65899,595,False,110.75462184873949,1.0,0.576429979368131
OG2 熟筍 箭竹筍,79.88815474794842,80.00119869002576,79.77884024105276,0.06233076770644405,0.03295359733571509,63975,595,False,107.52100840336135,1.0,0.0011718677007851363
FY96 玉米 進口 甜軟殼,16.27317440493682,,16.27317440493682,,0.7270318034326315,54448,31,False,1756.3870967741937,0.052100840336134456,0.4668754382740663
FK40 甜椒 彩色種 其他,58.83786361293174,,58.83786361293174,,0.47562371169387585,54316,260,False,208.90769230769232,0.4369747899159664,0.6499946841491234
FE9 冬瓜 進口,31.043431249883284,31.10112089069435,22.906896551724138,0.31673733287837735,0.9915665112856307,53549,35,False,1529.9714285714285,0.058823529411764705,0.12054048408489952
LB12 小白菜 土白菜 未洗,48.04024831568817,48.04024831568817,,0.194000165755791,,51950,12,False,4329.166666666667,0.020168067226890758,0.7255680687204297
SV1 蘆筍 白蘆筍,183.50550907779012,173.76026338964056,192.76343689394227,0.5312244310626673,0.5111316398006606,51279,498,False,102.96987951807229,0.8369747899159664,0.664325339470611
FB11 花椰菜 青梗 留梗柄,60.91617721716718,60.91617721716718,,0.29844664959260847,,51214,12,False,4267.833333333333,0.020168067226890758,1.74636133669071
FV5 辣椒 青龍,31.79867565424267,32.768836140888205,30.64252628834623,0.6954988067169529,0.6394500089013738,50440,456,False,110.6140350877193,0.7663865546218488,0.23924222480829588
SP5 薑 薑黃,36.54971616996411,36.99214196278226,36.13577863057968,0.645772019931921,0.6739211917442646,47916,490,False,97.78775510204082,0.8235294117647058,0.4401748777675993
FB0 花椰菜 其他,26.831845674894375,33.66677396856055,21.993585507576626,0.7889612365203504,0.9508526545660936,44970,196,False,229.4387755102041,0.32941176470588235,0.22944700469383753
FW2 洛神花,33.16274972471292,33.07406725698935,33.23581997786613,0.30279296958357405,0.3268070244567776,44499,210,False,211.9,0.35294117647058826,0.3509443174820505
MB1 草菇,93.5075092151398,93.2845307619177,93.7273624068205,0.3376491916212704,0.3677749655052882,44492,577,False,77.10918544194108,0.9697478991596639,0.09826116500752646
LI91 萵苣菜 進口 廣東萵,27.809569694070476,,27.809569694070476,,0.6381056092907014,43899,46,False,954.3260869565217,0.0773109243697479,0.3427149946514899
SG3 大蒜 蒜苔,201.9200630612105,219.84732185247526,181.75516069521314,0.6447229606483531,1.1350263984034925,43767,108,False,405.25,0.1815126050420168,0.29743703354990725
SR3 菱角 去殼,120.7223886220213,114.43557224193415,129.08113000548548,0.47059095469992523,0.3747540647789772,42468,503,False,84.42942345924453,0.8453781512605042,0.035554962926969635
FY2 玉米 甜硬殼,13.049954017025492,13.29603871327977,12.269911504424778,0.6731561263274283,0.8662464201617863,42407,174,False,243.7183908045977,0.292436974789916,0.18573730154763324
LI72 萵苣菜 綠捲,54.68167686456094,,54.68167686456094,,0.7915559329950212,42329,212,False,199.66509433962264,0.3563025210084034,0.5984980999333467
LN3 油菜 油菜花,21.035588425670653,24.93652186217631,19.036393632836578,0.5870610968325006,0.5342253829076095,41713,195,False,213.9128205128205,0.3277310924369748,0.27183040252150525
FU3 石蓮花,89.75092409833124,85.6456931359354,93.20738939515557,0.751611464494379,0.9451541795000243,39011,445,False,87.66516853932585,0.7478991596638656,0.05110369891624649
FF4 絲瓜 長絲瓜,26.8840670752032,28.395846271873744,23.325249398004814,0.4392229360640205,0.5015276119779999,39001,320,False,121.878125,0.5378151260504201,0.19696136393253852
FT90 南瓜 進口 其他,29.04231158995146,,29.04231158995146,,0.5660403531393252,37498,44,False,852.2272727272727,0.07394957983193277,0.2326092294818626
FY3 玉米 超甜白,14.368446770446715,13.870312499999997,14.933492904770048,0.5202316942173806,0.6801389877770944,37451,192,False,195.05729166666666,0.3226890756302521,0.13985771692183288
SK1 荸薺,63.40927331584528,65.51945851885971,60.87899355630561,0.06200359352248376,0.04166135845423815,35834,515,False,69.58058252427185,0.865546218487395,0.008348722361646228
LP9 芫荽 進口,192.4690858153937,260.2364797575233,181.7826089925233,0.7929139282470675,0.7920656899163508,33910,82,False,413.5365853658537,0.13781512605042018,0.4007475349224565
FH1 扁蒲 長形,12.309736833586896,12.60661088730503,12.174245709975484,0.5627398924849898,0.6918755640878843,30893,314,False,98.38535031847134,0.5277310924369748,0.08772655777704656
LI71 萵苣菜 紅捲,50.2288328671093,,50.2288328671093,,0.8371580171786795,29671,211,False,140.6208530805687,0.3546218487394958,0.6991650971382084
MJ2 杏鮑菇 盒裝,98.73385227469296,82.15466349670812,120.4893128549716,0.42421667852684886,0.2551425010815497,28905,581,False,49.75043029259897,0.9764705882352941,0.251391371570472
FL3 豌豆 豆莢,62.07989075387064,60.37414607433773,63.99160721135405,0.696688859483245,0.5664711989365628,27644,185,False,149.42702702702704,0.31092436974789917,0.29117488378473433
LD2 青江白菜 大梗,14.093627469355624,14.900194931773878,14.00782597876576,0.5944688558618952,0.4318719264472512,26677,76,False,351.0131578947368,0.12773109243697478,0.5194227841166583
SE9 青蔥 進口,57.79290707393055,41.53716632443532,58.09933423650087,0.4626772842212965,0.49314899538871276,26322,35,False,752.0571428571428,0.058823529411764705,0.33505250077982585
SG1 大蒜 硬梗,35.43351590723692,36.4577918241966,33.46653431650596,0.5613349007376655,0.4474941846545974,25743,111,False,231.9189189189189,0.1865546218487395,0.1514815248182973
OL1 朴菜,31.861603819388247,31.327678424938476,32.38120708925435,0.10015453295151827,0.12079211834640029,24716,583,False,42.39451114922813,0.9798319327731092,0.006869934124902678
FY1 玉米 白玉米,20.629011496293668,21.270453224869264,20.086232893550765,0.5009261958177618,1.003358580457961,22529,259,False,86.98455598455598,0.43529411764705883,0.14390236371376652
SX0 芽菜類 其他,20.0594039523527,20.067951625094484,20.04637714549015,0.042540339977564935,0.509249995926543,21911,582,False,37.64776632302406,0.9781512605042016,0.010171486729423888
FS2 越瓜 白色,21.87229862475442,18.63674263828719,31.326105301779492,0.4248381143801089,0.2917151863658059,21378,337,False,63.43620178041543,0.5663865546218487,0.055795174422893036
SS0 大心菜 其他,12.652139378752778,12.090868240276846,18.722960893854747,0.8059091861439008,0.7999885983919477,21151,91,False,232.42857142857142,0.15294117647058825,0.21738179170137745
FA0 其他花類,92.4017013416294,91.83453704614779,92.95546161975214,0.1248345916291828,0.11907336609512824,20572,464,False,44.33620689655172,0.7798319327731092,0.010722848256492473
LG1 芹菜 青梗,38.980834228777965,37.49345129672999,40.89788708775852,1.0216177828000965,0.7608721971895257,20474,97,False,211.0721649484536,0.16302521008403362,0.156207330137076
MN1 柳松菇,122.74712519091493,125.50814821168196,119.02047927761056,0.24623698077653466,0.29749019262987786,20297,557,False,36.43985637342909,0.9361344537815126,0.17696148000764522
SZ1 半天筍,71.86844139115499,69.7808834378458,74.77515408320492,0.24328152288110264,0.1820544079489625,18632,517,False,36.03868471953578,0.8689075630252101,0.059275785518453736
SZ7 晚香玉筍,261.36283673246805,249.56489146164978,276.7003135582591,0.9573575318487594,1.0429138752312612,18338,581,False,31.562822719449226,0.9764705882352941,0.5158312063720272
LF1 蕹菜 大葉,31.495966309516994,27.230863705239653,42.379181929181925,0.7072368704978128,0.8160783579478078,17453,211,False,82.71563981042654,0.3546218487394958,0.1051882790188757
FP3 鵲豆 肉豆,33.12893808539107,32.689845788849354,33.59093859211183,0.5361601191274541,0.46621440325977814,16442,277,False,59.35740072202166,0.46554621848739497,0.25402825891156744
SJ1 芋 麵芋,16.877523282154545,17.398379563435327,15.865802629142754,0.6942671200344073,0.7270516559780517,15892,183,False,86.8415300546448,0.30756302521008405,0.12297847051632768
LG4 芹菜 山芹菜,35.70430594539423,40.02912400455063,31.298171281390854,0.6243174260050206,0.6866156917652136,15676,234,False,66.99145299145299,0.39327731092436974,0.20650581921840747
LY1 西洋菜,30.0,30.0,30.0,0.0,0.0,15300,255,False,60.0,0.42857142857142855,0.0
SN2 蓮藕 蓮子,347.9928179715891,358.730760998811,334.56440148698886,0.25453436001508356,0.4086421555858497,15135,417,False,36.29496402877698,0.7008403361344537,0.04911365659570901
LB0 小白菜 其他,19.572756155679112,19.74881194840462,18.94861612515042,0.9188014598064499,1.1055223962515426,15108,104,False,145.26923076923077,0.17478991596638654,0.15594895946433987
LL0 茼蒿 其他,47.94035426287133,48.812075029308325,47.57742092932448,0.5669635379927148,0.23767572752229327,14509,164,False,88.46951219512195,0.27563025210084036,0.05572029397227665
SH3 竹筍 桂竹筍,25.467209350866206,27.841047636430005,24.004845963570943,0.8400787441972261,0.698527497582142,14373,82,False,175.28048780487805,0.13781512605042018,0.2169820987508558
ML1 珊瑚菇,40.03025360963567,44.38634730538922,36.64533368784897,0.5478988718895116,0.6436606756885845,13367,495,False,27.004040404040403,0.8319327731092437,0.29630147613917546
FJ0 番茄 其他,59.77192744788139,69.67792060061426,40.4028024911032,0.694484768157176,0.5964800819775701,13287,205,False,64.81463414634146,0.3445378151260504,0.14414763257295657
SA5 蘿蔔 青色,11.723558818934542,15.44648865153538,6.474171686746988,0.9917967623093811,0.509722003308451,12802,84,False,152.4047619047619,0.1411764705882353,0.11891397705686252
FH2 扁蒲 圓形,19.855090967124163,20.89707903780069,18.54340302811824,0.5317735676455002,0.5645292531374603,12532,207,False,60.54106280193237,0.34789915966386553,0.07823275776207628
LI95 萵苣菜 進口 油麥菜,32.992694859038146,,32.992694859038146,,0.5197812657049812,12060,18,False,670.0,0.030252100840336135,0.2925191990825897
FB9 花椰菜 進口,93.345595463138,114.2627821842587,89.51120680013422,0.2999919819861349,0.8117146141629589,10580,64,False,165.3125,0.10756302521008404,0.0699877304018377
SV3 蘆筍 蘆筍花,165.81192034139403,172.67157202848276,158.3986779794791,0.3115734341544266,0.33755841002785236,10545,535,False,19.710280373831775,0.8991596638655462,0.23985338879586302
LC5 包心白 天津白,14.371182115149038,23.0543666404406,11.328356768679349,0.5295460715497649,0.8127551087607487,9796,94,False,104.2127659574468,0.15798319327731092,0.10452938183384322
ST1 蕎頭 露蕎,71.21897732135216,53.229295657594015,90.31144432194047,0.3337572171377609,0.3383255564004416,9348,271,False,34.494464944649444,0.45546218487394957,0.1470890929564327
MC2 濕木耳 盒裝,61.700961978928085,61.74567074907434,61.51736842105263,0.4172325609607157,0.36783843390679255,8732,337,False,25.910979228486646,0.5663865546218487,0.05013148139071469
LU1 菾菜 茄茉菜,33.03836008460869,20.663621665319322,38.54170411648391,1.1998120060844868,0.9157078869920064,8037,160,False,50.23125,0.2689075630252101,0.07306181913600276
SU0 薯蕷 其他,36.82691457008571,23.677458766035432,40.672842594246916,0.08437992367923734,0.2358773370880258,7234,42,False,172.23809523809524,0.07058823529411765,0.1147952152378511
MC0 濕木耳 其他,133.60650965476887,195.24897034596376,99.65281306715063,0.7514928428947385,0.8420751023259725,6836,535,False,12.777570093457944,0.8991596638655462,0.016314705939737256
LK9 芥藍菜 進口,80.71938110749186,86.46566946959896,18.37719298245614,0.5608805498819077,0.7754669935984503,6754,38,False,177.73684210526315,0.06386554621848739,0.12949611788216764
LG8 芹菜 水耕,141.35106446776612,160.62996319018404,111.07687861271677,0.6258190387709913,0.5121372486736477,6670,66,False,101.06060606060606,0.11092436974789915,0.05961353225440841
SZ4 百合,371.7994210847044,313.01754062038407,413.0808869294606,0.5588157220189994,0.4879221255149642,6564,131,False,50.10687022900763,0.22016806722689075,0.03259561478471597
FE2 冬瓜 青皮,23.258873287091866,27.432734530938124,17.169966722129782,0.4744068420908287,0.5332724599015729,5911,16,False,369.4375,0.02689075630252101,0.11517289053193636
OI3 筍片,42.17842605156038,40.532682397613236,44.925305568130376,0.3833209910925891,0.5466922514147504,5896,61,False,96.65573770491804,0.10252100840336134,0.007581141909500118
LI90 萵苣菜 進口 其他,18.449223250130913,,18.449223250130913,,0.9222418742400493,5729,38,False,150.76315789473685,0.06386554621848739,0.3078456969279398
MA0 洋菇 其他,63.68823425022183,60.22456656853124,67.79546159813809,0.31670061306462166,0.5259830895209429,5635,268,False,21.026119402985074,0.4504201680672269,0.03895979181833087
LH3 菠菜 甜菠菜,12.41300089047195,8.807843137254903,19.803476371537208,0.6710594256964731,0.48486085402052537,5615,73,False,76.91780821917808,0.1226890756302521,0.10167912106692262
MF2 蠔菇 盒裝,94.62235568304051,97.50857580398163,90.54820579334198,0.0816094420392826,0.09501234264057994,5578,302,False,18.47019867549669,0.507563025210084,0.005972793266292779
ML2 珊瑚菇 盒裝,45.353626057225114,72.50393700787401,35.093999504091244,0.43947204312315646,0.535664694581629,5557,346,False,16.060693641618496,0.5815126050420169,0.058831989871144484
LP3 羅勒,80.48904641677996,82.47331983805667,78.65957446808511,0.7478239406893354,0.7791380588208078,5149,306,False,16.826797385620914,0.5142857142857142,0.2532209522913103
LH9 菠菜 進口,116.2396484375,116.11821782178218,125.0,0.249249432467216,,5120,14,False,365.7142857142857,0.023529411764705882,0.020705778381442382
LY2 黑甜仔菜,16.654666666666667,17.66221026490066,15.694041041831095,0.6294437342103305,0.48408084328131157,4950,302,False,16.39072847682119,0.507563025210084,0.04052920721363776
FY90 玉米 進口 其他,61.08925243321599,,61.08925243321599,,0.08785914808222914,4829,59,False,81.84745762711864,0.09915966386554621,0.0
SA0 蘿蔔 其他,26.748199620972837,22.840883190883194,32.400824317362186,1.0180213202004,1.4731310802059265,4749,28,False,169.60714285714286,0.047058823529411764,0.4273882403363304
LD8 青江白菜 水耕,25.635348641247102,10.56,25.877354452054796,0.38729833462074165,0.20773289473535947,4747,55,False,86.30909090909091,0.09243697478991597,0.024413058709451037
FK0 甜椒 其他,61.813523973339066,58.20699815837937,62.290238558909444,0.6832657352401998,0.575399686637659,4651,90,False,51.67777777777778,0.15126050420168066,0.312006210355059
OH2 桶筍 綠竹筍,96.249162516976,90.28524410312671,100.43884393063584,0.16887508419664074,0.5073835878197344,4418,106,False,41.679245283018865,0.1781512605042017,0.009070106095277718
LA93 甘藍 進口 甜甘藍,14.656944444444445,,14.656944444444445,,0.2794311155097799,3960,7,False,565.7142857142857,0.011764705882352941,0.02300806420496199
LM8 莧菜 水耕,30.159840903258914,27.966037735849056,30.722082527401675,0.3457629069368764,0.38642606768805915,3897,78,False,49.96153846153846,0.13109243697478992,0.015725785339241398
SZ3 金針筍,78.99817701453105,77.6820606060606,80.01531615925057,0.1177884542713681,0.09841141150459111,3785,526,False,7.195817490494297,0.8840336134453781,0.013006335291483637
LA3 甘藍 甜甘藍,13.670233196159122,14.208835341365463,13.390833333333333,1.4655218416832843,0.578151789207991,3645,9,False,405.0,0.015126050420168067,0.05472676550495943
LR1 塌棵菜,17.33229107447413,17.209255688391824,17.67718918918919,0.7492316509753112,1.0068993090782579,3518,53,False,66.37735849056604,0.08907563025210084,0.10108349823983595
FV3 辣椒 雞心,250.546343561801,247.66425879396985,252.96759894459106,0.6553339222853817,0.7927017509665849,3487,465,False,7.498924731182796,0.7815126050420168,0.18443080405621262
FX1 花豆,64.70522970239814,78.76814268142681,60.3875755287009,0.38602987641142783,0.29635949969151887,3461,91,False,38.032967032967036,0.15294117647058825,0.14820222338964825
MG1 巴西蘑菇,164.6353010625738,265.42044247787607,114.19809565987599,0.169135576411933,0.5564436807797124,3388,212,False,15.981132075471699,0.3563025210084034,0.06422350576440933
SZ6 半天花,128.14052247873633,128.19753863766456,128.07605177993528,0.29333273788762454,0.2951846590416345,3292,88,False,37.40909090909091,0.14789915966386555,0.07435755502739565
FT92 南瓜 進口 圓型,26.448167369445343,,26.448167369445343,,0.28098097739545197,3083,7,False,440.42857142857144,0.011764705882352941,0.05455789429814713
SA1 蘿蔔 梅花,7.518322762508809,8.362139917695472,7.4393063583815024,0.43141911058689997,0.9012678497673271,2838,7,False,405.42857142857144,0.011764705882352941,0.0
FY95 玉米 進口 糯米種,14.491712707182321,,14.491712707182321,,0.3209205552244202,2715,5,False,543.0,0.008403361344537815,0.29349012513191625
FA2 樊花,18.514810472840953,13.3012927756654,24.025884244372993,0.6584175519316556,1.034939998352825,2559,58,False,44.12068965517241,0.09747899159663866,0.08545458536896842
ME0 金絲菇 其他,55.60102483247931,62.13932038834951,49.389392774788625,0.21273995105936924,0.19323985997780183,2537,473,False,5.363636363636363,0.7949579831932773,0.01281709413746886
SU4 薯蕷 粉薯,26.685471100554235,19.540061475409836,31.18477419354838,0.3239748809914663,0.4972713975620367,2526,98,False,25.775510204081634,0.16470588235294117,0.05640361438848077
SL2 菊芋 雪蓮薯,40.502703844528945,38.335372005044135,44.903969270166456,0.4302254916192079,0.5836720845334866,2367,44,False,53.79545454545455,0.07394957983193277,0.25553736135271626
SZ5 草石蠶,125.01185050136736,139.99692898272554,111.45763888888888,0.5060806210723877,0.563982491300221,2194,150,False,14.626666666666667,0.25210084033613445,0.2779472170762511
LV9 巴西利 進口,31.71229586935639,28.30248917748918,58.64102564102564,0.8923846622763418,1.2894300127519396,2082,21,False,99.14285714285714,0.03529411764705882,0.23825249615418745
FL4 豌豆 豆仁,83.10597853857945,83.7816371681416,82.52592592592593,0.40479753822878883,0.31602779511936085,1957,114,False,17.166666666666668,0.1915966386554622,0.16318382605438442
MN2 柳松菇 盒裝,155.90974358974358,145.82601054481546,170.04187192118226,0.11419988966910184,0.10689610500699157,1950,327,False,5.963302752293578,0.5495798319327732,0.0
FO2 蠶豆 豆仁,168.17136886102404,166.67405764966742,192.72727272727272,0.22406360702939762,0.3535533905932738,1914,7,False,273.42857142857144,0.011764705882352941,0.0074211502782931356
LY4 人參葉,14.141361256544503,15.055773762765122,12.31397174254317,0.42882544882555396,0.4933332955702315,1910,154,False,12.402597402597403,0.25882352941176473,0.03408999720669745
FK95 甜椒 進口 青椒,24.058624577226606,,24.058624577226606,,0.7206276052020852,1774,7,False,253.42857142857142,0.011764705882352941,0.010638297872340425
MG2 巴西蘑菇 盒裝,100.24662084765178,86.81022979985174,145.90327455919396,0.7460520185512338,0.7699346070789216,1746,158,False,11.050632911392405,0.26554621848739496,0.031287498236555696
FN2 敏豆 青豆,42.02234939759037,42.65109851169383,38.45943775100402,0.651924254402044,0.9400523614830135,1660,60,False,27.666666666666668,0.10084033613445378,0.15339245141922392
FV92 辣椒 進口 青小,43.43924221921515,,43.43924221921515,,1.3577215160886922,1478,10,False,147.8,0.01680672268907563,0.13163557646866927
LA90 甘藍 進口 其他,5.819305019305019,,5.819305019305019,,0.023969721396154175,1295,2,False,647.5,0.0033613445378151263,0.25862068965517243
OH1 桶筍 麻竹筍,53.76447876447877,62.295081967213115,50.403659849300325,0.23957871187497748,0.06349796484476954,1295,65,False,19.923076923076923,0.1092436974789916,0.0
FT71 南瓜 栗子 小紅,44.91008878127522,,44.91008878127522,,0.3220524424374453,1239,23,False,53.869565217391305,0.03865546218487395,0.055176238797948286
OE1 醃瓜 乾 乾,29.284009942004975,34.79748953974895,21.216326530612246,0.39992839466043684,0.6411028051447454,1207,42,False,28.738095238095237,0.07058823529411765,0.012053695539934071
MJ0 杏鮑菇 其他,116.88349775784754,117.17597461468722,90.0,0.1848522792295987,0.628539361054709,1115,124,False,8.991935483870968,0.20840336134453782,0.0023313084778805817
SA42 蘿蔔 櫻桃 未洗,97.26448087431693,97.26448087431693,,0.3365001261161756,,1098,12,False,91.5,0.020168067226890758,0.6412948429061148
LC2 包心白 成功白,20.39222941720629,26.0,19.82059123343527,,0.3544045951732141,1081,5,False,216.2,0.008403361344537815,0.026785714285714284
SN9 蓮藕 進口,12.212121212121213,12.212121212121213,,1.1100816134756553,,990,2,False,495.0,0.0033613445378151263,0.0
OH3 桶筍 桂竹筍,43.87096774193548,40.76923076923077,60.0,0.11764705882352941,,930,5,False,186.0,0.008403361344537815,0.0
FK43 甜椒 彩色種 橘色,47.75760869565217,,47.75760869565217,,0.3950221667874566,920,23,False,40.0,0.03865546218487395,0.025053922972003286
OI1 筍乾,51.26131221719457,44.088050314465406,55.291519434628974,0.316351373570101,0.38043834366863355,884,26,False,34.0,0.043697478991596636,0.0
SH6 竹筍 箭竹筍,84.39862542955326,49.6875,100.10815307820299,0.24095078109118032,0.7195335515846052,873,14,False,62.357142857142854,0.023529411764705882,0.0028011204481792717
FH0 扁蒲 其他,22.685871056241428,30.4438202247191,15.281501340482574,0.4671182505720044,0.7968254487952495,729,26,False,28.03846153846154,0.043697478991596636,0.02588896332492644
MM2 猴頭菇 盒裝,105.48201219512195,93.41572327044025,116.83431952662721,0.3894971059738337,0.36802272189975055,656,58,False,11.310344827586206,0.09747899159663866,0.041882907221886395
FY91 玉米 進口 白玉米,71.73913043478261,,71.73913043478261,,0.4010662282286405,644,13,False,49.53846153846154,0.021848739495798318,0.0
MM1 猴頭菇,76.76447368421053,70.37894736842105,79.66698564593302,0.5519548616071691,0.26476520698382094,608,41,False,14.829268292682928,0.06890756302521009,0.05235210126734049
FL95 豌豆 進口 豌豆苗,66.33552631578948,,66.33552631578948,,0.3891783963688655,608,5,False,121.6,0.008403361344537815,0.4370460832653181
FY97 玉米 進口 糯米白,18.5,,18.5,,,600,1,False,600.0,0.0016806722689075631,0.2702702702702703
LA96 甘藍 進口 甘藍芽,27.509677419354837,,27.509677419354837,,0.31395859382166086,465,4,False,116.25,0.0067226890756302525,0.06611657008482405
LY6 香椿,40.19408602150537,44.68829268292683,34.67724550898204,0.8317915347797936,0.6054941121399694,372,36,False,10.333333333333334,0.06050420168067227,0.1329637877677248
FL91 豌豆 進口 白花,206.4367816091954,,206.4367816091954,,0.28428095737485626,348,4,False,87.0,0.0067226890756302525,0.0
FA9 百果 進口,160.679012345679,100.0,178.64,0.0,0.5612340220762191,324,14,False,23.142857142857142,0.023529411764705882,0.0
OH4 桶筍 箭竹筍,56.827586206896555,168.42105263157896,40.0,0.848528137423857,,290,3,False,96.66666666666667,0.005042016806722689,0.0
FF3 絲瓜 白瓜,38.59926199261992,41.9103734439834,12.0,1.2518393064516997,,271,7,False,38.714285714285715,0.011764705882352941,0.10822510822510822
MI2 秀珍菇 盒裝,39.96498054474708,41.09375,39.590673575129536,0.684676426558638,0.5396029035827598,257,15,False,17.133333333333333,0.025210084033613446,0.0015325670498084292
SV91 蘆筍 進口 白蘆筍,364.8360655737705,,364.8360655737705,,0.22759975733794632,244,5,False,48.8,0.008403361344537815,0.0
OI2 筍絲,18.399014778325125,24.51219512195122,9.0,0.2829547959791074,0.15713484026367724,203,6,False,33.833333333333336,0.010084033613445379,0.03968253968253968
FB2 花椰菜 白梗,32.92079207920792,32.92079207920792,,0.5642967319380394,,202,4,False,50.5,0.0067226890756302525,0.0
LQ2 紅鳳菜 白鳳菜,48.35675675675676,85.0,46.26285714285714,,0.9441074098404977,185,12,False,15.416666666666666,0.020168067226890758,0.0
LT1 海菜 龍鬚菜,50.49655172413793,56.5,48.51376146788991,0.11263647841909606,0.2361887464866651,145,5,False,29.0,0.008403361344537815,0.0
FD9 花胡瓜 進口,13.636363636363637,,13.636363636363637,,0.567146606652548,110,5,False,22.0,0.008403361344537815,0.0
LL8 茼蒿 水耕,14.35483870967742,14.35483870967742,,0.27835110713445205,,93,6,False,15.5,0.010084033613445379,0.0
FT4 南瓜 觀賞,33.77777777777778,33.77777777777778,,0.7614996105085896,,90,2,False,45.0,0.0033613445378151263,0.4375
LY5 珍珠菜,16.6875,11.0,21.11111111111111,0.5773502691896258,0.4165977904505309,80,7,False,11.428571428571429,0.011764705882352941,0.0
FO1 蠶豆 豆莢,99.27272727272727,92.0,100.0,,,66,2,False,33.0,0.0033613445378151263,0.0
LY3 豬母菜,11.5,11.706896551724139,10.0,0.5011560709074643,,66,6,False,11.0,0.010084033613445379,0.0
FV95 辣椒 進口 青龍,4.0,,4.0,,,60,1,False,60.0,0.0016806722689075631,0.0
LK8 芥藍菜 水耕,19.25,,19.25,,0.19155734096095892,60,3,False,20.0,0.005042016806722689,0.0
FM0 菜豆 其他,22.75862068965517,,22.75862068965517,,0.128564869306645,58,2,False,29.0,0.0033613445378151263,0.0
FC2 胡瓜 改良種,15.0,15.0,15.0,,,38,2,False,19.0,0.0033613445378151263,0.0
FV96 辣椒 進口 糯米椒,3.25,,3.25,,0.7614996105085896,36,2,False,18.0,0.0033613445378151263,0.0
LZ1 薺菜,12.0,12.0,,,,30,1,False,30.0,0.0016806722689075631,0.0
FN0 敏豆 其他,92.17391304347827,250.0,23.125,,0.15713484026367724,23,3,False,7.666666666666667,0.005042016806722689,0.0
FA4 瓊花,15.0,,15.0,,,20,1,False,20.0,0.0016806722689075631,0.0
SV93 蘆筍 進口 蘆筍花,420.0,,420.0,,,18,1,False,18.0,0.0016806722689075631,0.0
FV90 辣椒 進口 其他,3.0,,3.0,,,18,1,False,18.0,0.0016806722689075631,0.0
LK0 芥藍菜 其他,15.0,,15.0,,,12,1,False,12.0,0.0016806722689075631,0.0
MD0 濕香菇 其他,299.5,300.0,299.0,,,6,2,False,3.0,0.0033613445378151263,0.0
FS0 越瓜 其他,110.0,,110.0,,,5,1,False,5.0,0.0016806722689075631,0.0
MN0 柳松菇 其他,110.0,110.0,,,,3,1,False,3.0,0.0016806722689075631,0.0
